id,created_at,text
1,"2026-01-25 11:33:12","""ã»ã‚“ã¨ã†ã«ã‚ã‚ŠãŒã¨ã†"","
2,"2026-01-25 11:33:21","""Itâ€™s a blessing you exist ğŸ©·"","
3,"2026-01-25 11:33:25","""Ø§Ù„ÙŠ ÙˆØ¯Ø© Ø§Ù„ÙƒÙˆÙ† Ù…Ø§ ÙŠØ±Ø¯Ø©"","
4,"2026-01-25 11:33:31","""Ø²Ø§Ù†Ù’ Ø¹ÙÙ…Ø±ÙŠ Ø¨Ù‚Ø±Ø¨ÙÙƒ ğŸ’œ"","
5,"2026-01-25 11:33:37","""ğŸ¤Ù…Ù…ØªÙ†Ø© Ù„Ùƒ Ø§Ù„ÙŠÙˆÙ… ÙˆÙƒÙ„ ÙŠÙˆÙ…"","
6,"2026-01-25 11:33:43","""""ÙŠÙØ¯Ø§ÙƒÙ… Ø¹Ù…Ø±ÙŠ ÙŠØ§ Ø³Ø¹Ø§Ø¯Ø© Ø³Ù†ÙŠÙ†ÙŠ
ÙŠØ§Ø­Ø¸ Ø¹Ù…Ø±ÙŠ ÙˆØ§Ù„Ø­ÙŠØ§Ø© Ø§Ù„Ù‡Ù†ÙŠØ©
FFRM
ğŸ’•"""","""
7,"2026-01-25 11:34:02","You are the best friend anyone could ever ask for your care and kindness are unmatched and you manage to make me laugh any time im feeling down the world is a better place because you are in it mouza ğŸ’•"
9,"2026-01-25 11:34:17","My pet cat golu filled my life with joy for 14 years. I will love him forever."
10,"2026-01-25 11:34:26","I love you â™¥ï¸"
11,"2026-01-25 11:34:35","bojana volim te! -2026"
13,"2026-01-25 11:34:51","I love Joud and Fares very much !! â¤ï¸â¤ï¸â¤ï¸"
14,"2026-01-25 11:35:00","You are the wind beneath my wings. Thank you for giving me the opportunity to fly ğŸ¥²"
15,"2026-01-25 11:35:05","I love my nini hes the sweetest"
16,"2026-01-25 11:35:10","Love can never be replaced â¤ï¸ğŸ˜€"
17,"2026-01-25 11:35:18","Ø³Ø¬Ø§ÙŠØ§ ÙØªÙŠØ§Øª Ø§Ù„Ø´Ø§Ø±Ù‚Ø©"
18,"2026-01-25 11:35:27","ILY AMIRAA"
19,"2026-01-25 11:35:35","ILY SHAIMA"
20,"2026-01-25 11:35:42","Ø¥Ù† Ø§Ù„Ø´Ø¨Ø§Ø¨ Ù‡Ùˆ Ø§Ù„Ø«Ø±ÙˆØ© Ø§Ù„Ø­Ù‚ÙŠÙ‚ÙŠØ©ØŒ ÙˆÙ‡Ùˆ Ø¯Ø±Ø¹ Ø§Ù„Ø£Ù…Ø© ÙˆØ³ÙŠÙÙ‡Ø§ØŒ ÙˆØ§Ù„Ø³ÙŠØ§Ø¬ Ø§Ù„Ø°ÙŠ ÙŠØ­Ù…ÙŠÙ‡Ø§ Ù…Ù† Ø§Ù„Ø·Ø§Ù…Ø¹ÙŠÙ†"
21,"2026-01-25 11:35:49","We love sara ğŸ¦â€â¬›"
22,"2026-01-25 11:35:55","Be great full of who you are ğŸŒŸ"
23,"2026-01-25 11:36:03","Always be happy ğŸ«°ğŸ»"
24,"2026-01-25 11:36:10","â¤ï¸ Kilian â¤ï¸"
25,"2026-01-25 11:36:19","We will always love you, Sofia! ğŸ«¶ğŸ¼"
26,"2026-01-25 11:36:26","ÙØ®ÙˆØ±Ø§ Ø¬Ø¯Ø§ Ø¬Ø¯Ø§ Ø¬Ø¯Ø§ Ø¨ÙƒÙ ÙŠØ§ Ø§Ù…ÙŠØ±ØªÙŠğŸ«¶ğŸ¼"
27,"2026-01-25 11:36:33","Ù„Ùƒ ÙÙŠ Ø³ÙˆÙŠØ¯Ø§ Ø§Ù„Ù‚Ù„Ø¨ Ù…Ø±Ø¨Ø§Ø¹"
28,"2026-01-25 11:36:40","Sadness is a blessing"
30,"2026-01-25 11:36:55","YURII ğŸ«¶ğŸ¼"
31,"2026-01-25 11:37:01","Infinte Thank you for the love the encouragement the trust . Youâ€™ll be forever with us daddy."
32,"2026-01-25 11:37:09","Don't deny the world of all the good you can bring to it - The Metropolitan Hermit"
33,"2026-01-25 11:37:18","I didnâ€™t plan this place. Yet it welcomed me. And I feel at peace."
34,"2026-01-25 11:37:25","å¦ˆå¦ˆï¼Œæˆ‘çˆ±ä½ ï¼ç¥æˆ‘ä»¬åº¦è¿‡ç¾å¥½çš„â¼€å¤©ï¼"
35,"2026-01-25 11:37:35","Always be yourself. You are strong"
36,"2026-01-25 11:37:43","Love the world as it is, Cherish the moments."
37,"2026-01-25 11:37:50","I miss you Grandpa ğŸ™ğŸ¼ğŸ¥¹"
38,"2026-01-25 11:38:01","KaMaNaTa ğŸ’—"
40,"2026-01-25 11:38:16","Always be kind ğŸ¤"
41,"2026-01-25 11:38:23","Und du wirst nie wissen was ich fÃ¼r dich fÃ¼hleâ€¦"
42,"2026-01-25 11:38:31","Youâ€™ve gone through a lotâ€”silent battles no one else knows about. Be kind to yourself."
43,"2026-01-25 11:40:08","Soft heart is also a strength ğŸ«¶ğŸ»"
44,"2026-01-25 11:40:16","To Be More, to Reach More ğŸ¤²ğŸ¼"
45,"2026-01-25 11:40:23","Ø­ÙŠØ§ÙƒÙ… ÙÙŠ Ø¯Ø§Ø±ÙƒÙ… ğŸ¤"
46,"2026-01-25 11:40:33","""Ù‚Ù„ Ø¯Ø§Ø¦Ù…Ø§ Ø§Ù„Ø­Ù…Ø¯Ù„Ù„Ù‡ ..
Ø¹Ù„Ù‰ Ù…Ø§ Ù…Ø¶Ù‰ Ùˆ Ø¹Ù„Ù‰ Ø§Ù„Ø­Ø§Ø¶Ø± Ùˆ Ø¹Ù„Ù‰ Ø§Ù„Ù‚Ø§Ø¯Ù…
Ø§Ù„Ø­Ù…Ø¯Ù„Ù„Ù‡
Ø¹Ù„Ù‰ ÙˆØ¬ÙˆØ¯ÙƒÙ…"""
47,"2026-01-25 11:40:46","Keep going stay positive"
48,"2026-01-25 11:41:12","do it out of L O V E ğŸ¤"
49,"2026-01-25 11:41:19","you do not yield!"
51,"2026-01-25 11:41:49","Ø§Ù„Ù‚Ø§Ø¯Ù… Ø£Ø¬Ù…Ù„ â¤ï¸"
52,"2026-01-25 11:41:58","All we have is each other. So keep the love alive."
53,"2026-01-25 11:42:07","We cannot forget those that came before us, For they lay the foundations for tomorrow."
54,"2026-01-25 11:42:23","Take the risk. Thereâ€™s no better reward"
55,"2026-01-25 11:42:29","All is well"
56,"2026-01-25 11:42:35",Freedom
57,"2026-01-25 11:42:49","Be grateful for what you have"
58,"2026-01-25 11:43:08","Love with all your heart, itâ€™s not that bad <3"
59,"2026-01-25 11:43:17","Thankful, Grateful and Blessed"
60,"2026-01-25 11:43:27","Would you rather loose all your memories, or never be able to make new ones ? Take that chance ğŸ•Šï¸"
61,"2026-01-25 11:43:34","in another lifetime"
63,"2026-01-25 11:43:49","It gets better and then it gets worse again and then better again, stick around<3"
64,"2026-01-25 11:43:56","Thank you for my life. See you on another side."
65,"2026-01-25 11:44:03","Till we meet again our soul sister ğŸ¤ latifa"
66,"2026-01-25 11:44:10","Iâ€™m eternally grateful for you <3 Love you always and forever."
67,"2026-01-25 11:44:18","Every Year, You are the most beautiful thing in my life ily"
68,"2026-01-25 11:44:25","Ø¹Ø§Ø¦Ù„ØªÙŠØŒ ÙÙŠ Ø²Ù…Ù† ÙƒØ«Ø± ÙÙŠÙ‡ Ø§Ù„Ù†Ø²Ø§Ø¹Ø§Øª Ø¨ÙŠÙ† Ø§Ù„Ø§Ù‚Ø§Ø±Ø¨ØŒ Ø´ÙƒØ±Ø§ Ù„ÙˆØ¬ÙˆØ¯ÙƒÙ… Ø§Ù„Ø¯Ø§Ø¦Ù… Ùˆ Ø­Ø¨ÙƒÙ… Ø§Ù„ØºÙŠØ± Ù…Ø´Ø±ÙˆØ·ğŸ©µ."
69,"2026-01-25 11:44:44","Matcha â€˜til our next life. x"
70,"2026-01-25 11:44:47","I hope you always find a reason to move forward. :)"
71,"2026-01-25 11:44:58","and do not think less of yourself just because today you were not at your best"
72,"2026-01-25 11:45:06","you are beautiful the way you are ğŸ’™ğŸ¦‹"
73,"2026-01-25 11:45:13","Ø§Ù„Ø§Ù… Ù‡ÙŠ Ø§Ù„Ø§Ù…Ø§Ù† ÙˆÙ‡ÙŠ Ø§Ø³Ø§Ø³ Ø§Ù„Ø­ÙŠØ§Ù‡ Ø´ÙƒØ±Ø§ Ù…Ø§Ù…Ø§ Ø­Ø¨ÙŠØ¨ØªÙŠ â¤ï¸"
74,"2026-01-25 11:45:23","à¤¹à¤® à¤¯à¤¹à¤¾à¤à¤†à¤¨à¤‚à¤¦ à¤²à¥‡à¤¨à¥‡à¤†à¤¯à¥‡à¤¹à¥ˆà¥¤ à¤”à¤° à¤†à¤¨à¤‚à¤¦ à¤²à¥‡à¤¤à¥‡à¤°à¤¹à¥‡à¤‚à¤—à¥‡à¥¤ à¤¸à¤¬ à¤ à¥€à¤• à¤¹à¥‹ à¤œà¤¾à¤¤à¤¾ à¤¹à¥ˆ"
76,"2026-01-25 11:45:37","Always remember you are the prize!"
77,"2026-01-25 11:45:46","Let them"
78,"2026-01-25 11:45:56","the secret code to life is to do everything with the purest heart and watch everything work out for u"
79,"2026-01-25 11:46:08","ÙƒÙÙ† Ù…ØªÙØ§Ø¦Ù„Ø§Ù‹ Ø¯Ø§Ø¦Ù…Ø§Ù‹"
80,"2026-01-25 11:46:19","Once your love yourself, others will start loving. It starts within and then youâ€™ll see how life will treat you."
81,"2026-01-25 11:46:25","La vie en rose"
82,"2026-01-25 11:46:32","Iâ€™m  always grateful for everything , Self-love grows when you choose people who treat you like family.â€ğŸ©·ğŸ©·"
83,"2026-01-25 11:46:43","Always be happy"
84,"2026-01-25 11:48:21","My love for her grows with time"
85,"2026-01-25 11:48:27","Please pray for me to find the man of my life ğŸ™ğŸ¼"
86,"2026-01-25 11:48:33","Peace and freedom to all"
87,"2026-01-25 11:48:39","Treat people the way you want to be treated; kindness and sincerity always leave a lasting impact ğŸ’ğŸ’"
88,"2026-01-25 11:48:46","Everyday is a new opportunity"
89,"2026-01-25 11:48:50","Ø§Ù„Ø­Ø¨ Ùˆ Ø§Ù„Ø³Ù„Ø§Ù…"
90,"2026-01-25 11:48:55","ÙØ¯ÙŠØª Ø¨Ù€Ø§ Ø¨Ù€Ø§"
91,"2026-01-25 11:49:00","Ù…Ø­Ù…Ø¯ Ø§Ù„Ø£Ù†ØµØ§Ø±ÙŠ ØºÙŠØ± â¤ï¸â€ğŸ©¹"
92,"2026-01-25 11:49:06","Welcome Zaki and zainab"
93,"2026-01-25 11:49:11","Zahra for Zahra ğŸŒ¹ğŸŒ¸"
94,"2026-01-25 11:49:16","Love you hamoodi ğŸ˜˜"
95,"2026-01-25 11:49:21","Mimi ğŸ«¶ğŸ«¶ğŸ«¶"
96,"2026-01-25 11:49:27","ÙØ¯ÙŠØª  Ø§Ù…ÙŠ Ùˆ Ø§Ø¨ÙˆÙŠğŸ¤ğŸ¤"
97,"2026-01-25 11:49:33","Ø®ÙˆÙ„Ù‡ Ùˆ Ø­Ù…Ø¯ğŸ¤ğŸ¤"
98,"2026-01-25 11:49:39","Ø±ÙŠÙ…ğŸ¤ğŸ¤"
99,"2026-01-25 11:49:44","AishuğŸ”®"
100,"2026-01-25 11:49:49","Live the moment âœ¨"
101,"2026-01-25 11:49:55","As much as Iâ€™m harsh with myself, I know Iâ€™m doing my best to survive. Through that survival, my sister, is always there for me. Whether in her classic sibling annoyance or love bombing hugs, she keeps me alive and smiling. My wish is life treats her well, the best it can."
102,"2026-01-25 11:50:02","You're beautiful and youâ€™re loved - donâ€™t let anyone take that away from you."
103,"2026-01-25 11:50:07","Thank you Abbu for supporting me even when you don't understand me"
104,"2026-01-25 11:50:12","Dearest, your care has been a light that tells the truth about me. In your patience, I learned how to stand unafraid. Thank you for loving me fully, and for staying when staying mattered ğŸ«¶"
106,"2026-01-25 11:50:46","I hope all your dreams come true"
107,"2026-01-25 11:51:03","I was one of the lucky ones to meet you in this life .. I love you always & forever my MAA â™¥ï¸
MJ."
109,"2026-01-25 11:51:20","i appreciate you more than you will ever know"
110,"2026-01-25 11:51:28","You opened a new world for me and many around.. Be the way who you are, You are amazing."
111,"2026-01-25 12:22:51","Ğ’ÑĞµĞ¼ Ğ¿Ñ€Ğ¸Ğ²ĞµÑ‚Ğ¸Ğº Ğ¾Ñ‚ ĞĞ—ĞĞ¢Ğ!"
112,"2026-01-25 12:28:57","Ø¯Ø¨ÙŠ Ø¯Ø§Ù†Ø© Ø§Ù„Ø¯Ù†ÙŠØ§ â¤ï¸â¤ï¸â¤ï¸"
113,"2026-01-25 12:30:18","ÙŠØ§ Ø´Ø¨ÙŠÙ‡ Ø§Ù„ØºÙŠÙ… Ù…Ù† Ø¨Ø¹Ø¯ Ø§Ù„Ù…Ø·Ø±
â€ÙŠØ§ Ù…Ø·Ø± Ù‚Ù„Ø¨ÙŠ . . Ùˆ ÙƒÙ„ Ø£Ø­Ø¨Ø§Ø¨ÙŠ Ø§Ù†Ø§â£ï¸ğŸ¦Œ"
114,"2026-01-25 12:42:15","Thankful for my parents, to where i am now,love and appreciation themğŸ’–"
115,"2026-01-25 12:48:28","Canta y no llores, porque cantando se alegran, cielito lindo, los corazones"
116,"2026-01-25 13:06:50","You changed my life. I miss you every day you are not around. Damn we are lucky!"
119,"2026-01-25 13:28:51","Ø§Ù„Ø­Ù…Ø¯Ù„Ù„Ù‡ Ø¯Ø§Ø¦Ù…Ø§ ÙˆØ£Ø¨Ø¯Ø§ØŒ Ø´ÙƒØ±Ø§ Ù„ÙˆØ¬ÙˆØ¯Ù†Ø§"
120,"2026-01-25 13:29:42","You taught me a lot that I use now in my life
Thank you ğŸ’™ğŸ’™ğŸ’™"
121,"2026-01-25 13:29:48","Thank you!"
122,"2026-01-25 13:30:19","Ø§Ù„Ù„Ù‡Ù… Ù‚Ù„Ø¨ÙŠ ÙˆÙ…Ù† ÙÙŠ Ù‚Ù„Ø¨ÙŠ ğŸ¤."
123,"2026-01-25 13:30:54","Ø§Ù„Ù„Ù‡Ù… Ø±Ø¶Ø§Ùƒ ÙˆØ§Ù„Ø¬Ù†Ù‡"
124,"2026-01-25 13:31:36","Ø³Ø¹Ø§Ø¯Ø© Ù‚Ù„Ø¨ÙŠ ğŸ¤"
126,"2026-01-25 13:41:29","Ø§Ù„Ù„Ù‡Ù… Ø±Ø§Ø­Ø© Ø§Ù„Ø¨Ø§Ù„â¤ï¸â€ğŸ©¹"
127,"2026-01-25 13:45:05","Ø¬Ù…ÙŠÙ„ Ø¬Ø¯Ø§"
128,"2026-01-25 13:45:23","à´‡à´£à´™àµà´™àµà´®àµà´ªàµ‹àµ¾ à´®à´±à´•àµà´•à´¾à´µàµà´¨àµà´¨à´¤àµ‡ à´ªà´¿à´£à´™àµà´™àµà´®àµà´ªàµ‹àµ¾ à´ªà´±à´¯à´¾à´µàµ‚."
129,"2026-01-25 13:46:02","à´œà´¨à´¨à´‚,
à´œàµ€à´µà´¿à´¤à´‚..
à´®à´°à´£à´‚."
130,"2026-01-25 13:46:25","Grazie di condividere con me questo percorso  , di amarmi per quello che sono"
131,"2026-01-25 13:46:48","Tu mâ€™as beaucoup apportÃ©"
132,"2026-01-25 13:46:55","à´ˆ à´¸à´®à´¯à´µàµà´‚ à´•à´Ÿà´¨àµà´¨àµà´ªàµ‹à´•àµà´‚"
133,"2026-01-25 13:47:09","Take a deep breath, shake off the ""should-haves,"" and just do the next right thing."
134,"2026-01-25 13:47:35","Ø§Ù„Ø­Ù…Ø¯ Ù„Ù„Ù‡ Ø¯Ø§Ø¦Ù…Ø§Ù‹ ÙˆØ§Ø¨Ø¯Ø§Ù‹"
135,"2026-01-25 13:47:47","Veille bien sur nous"
136,"2026-01-25 13:49:33","I love you Nadeem"
137,"2026-01-25 13:52:32","Nice to have you in my life ğŸ¤"
138,"2026-01-25 14:06:50","You mean the world to me  mozo"
139,"2026-01-25 14:07:43","Cheeto and chochee I love you both so muchâ¤ï¸"
141,"2026-01-25 14:09:42","ĞšĞ°Ñ‚ÑŒĞºĞ°! Ğ·Ğ´Ğ¾Ñ€Ğ¾Ğ²ÑŒÑ Ñ‚Ğ²Ğ¾ĞµĞ¹ ÑĞ¿Ğ¸Ğ½Ğµ! â¤ï¸"
142,"2026-01-25 14:16:12","Love you Momma"
143,"2026-01-25 14:16:21","Ø±Ø¨ÙŠ Ø§Ø±Ø²Ù‚Ù†ÙŠ Ø§Ù„Ø¹Ù…Ø± Ø£ÙØ®Ø± Ø¨Ø£Ø­Ø¨Ø§Ø¨ÙŠ â¤ï¸"
144,"2026-01-25 14:17:27","Love you chand"
145,"2026-01-25 14:17:58","Tu es un CHOU <3"
146,"2026-01-25 14:18:03","ğŸ¤Thanks for not giving up on me and on us, thx for always sacrificing for us, hopefully I can pay you back âœ¨"
147,"2026-01-25 14:20:10","A7bch saloomtyğŸ’ğŸ’"
148,"2026-01-25 14:25:30","To myself, I'm proud of you"
150,"2026-01-25 14:39:16","You are loved , and appreciated."
151,"2026-01-25 14:46:29","I love you so much, dearest husband!

Love,
R"
152,"2026-01-25 14:48:06","Life is beautiful with youğŸ’•"
153,"2026-01-25 14:48:56","Love the nation, feels like another home  ( VkD )"
154,"2026-01-25 14:48:59","Raise your little boys well, they will be the men of the future"
158,"2026-01-25 14:51:32","Aisha babyâ€¦. I love u !! Koreâ€¦."
159,"2026-01-25 14:53:04","You are the best thing happened to me in 2025 ğŸ’"
160,"2026-01-25 14:56:13","Ğ¡ Ğ¿Ğ¾Ñ‡Ñ‚Ğ¸ Ğ½Ğ°ÑÑ‚ÑƒĞ¿Ğ¸Ğ²ÑˆĞ¸Ğ¼ Ğ´Ğ½ĞµĞ¼ Ñ€Ğ¾Ğ¶Ğ´ĞµĞ½Ğ¸Ñ! Ğ›ÑĞ±Ğ¸Ğ¼Ñ‹Ğ¹ Ğ¼ÑƒĞ¶!"
161,"2026-01-25 14:57:36","K&V forever â¤ï¸"
162,"2026-01-25 14:58:13","You have to be brave ğŸŒ…"
163,"2026-01-25 14:59:35","Love and miracle is in every day, donâ€™t be too busy to miss that"
165,"2026-01-25 15:01:32","Your existence reminds me how lucky I am."
166,"2026-01-26 04:07:30","All the very best to my families and friends ğŸ¥°"
168,"2026-01-26 12:40:24","Always Stay positive ğŸ™"
170,"2026-01-26 12:52:12","Shaikha is the bestt"
171,"2026-01-26 12:52:48","Tima is my favorite"
175,"2026-01-26 13:00:53","Sabine makes the best Linsen and SpÃ¤tzle"
177,"2026-01-26 13:12:40","Just wanted to say HI

Thor here  â¤ï¸"
178,"2026-01-26 13:31:58","This too shall pass"
179,"2026-01-26 13:32:03","Ø´Ù…Ø§Ø³ÙŠ Ø§Ù†ØªÙŠ Ø§Ø­Ø³Ù† ÙˆØ­Ø¯Ø© ÙØ§Ù„Ø¯Ù†ÙŠØ§"
180,"2026-01-26 13:33:15","It doesnâ€™t matter how much you do but what you do that actually matters"
181,"2026-01-26 13:33:32","Ø¹Ù„Ù‰ Ù‡Ø°Ù‡ Ø§Ù„Ø£Ø±Ø¶ Ù…Ø§ ÙŠØ³ØªØ­Ù‚Ù‘ Ø§Ù„Ø­ÙŠØ§Ø©"
182,"2026-01-26 13:35:12","Mommy to be ğŸ¤ğŸ‘€"
183,"2026-01-26 13:37:17","time waits for no one"
185,"2026-01-26 13:40:22","Waahh dubaiğŸ¤"
186,"2026-01-26 13:48:45","Thanks for not giving up on me and on us. Thanks for always sacrificing for us. Hopefully I can pay you back one day â™¥ï¸"
192,"2026-01-26 14:15:22","AdÃ¡mek ğŸ’›"
193,"2026-01-26 14:15:43","ğŸ¦‹ğŸ¦‹ğŸ¦‹ğŸ¦‹ğŸ¦‹ğŸ¦‹ğŸ¦‹ğŸ¦‹ğŸ¦‹ğŸ¦‹"
194,"2026-01-26 14:28:57","ğŸ’™ğŸ’™ğŸ’™ğŸ’™ğŸ’™ğŸ’™ğŸ’™ğŸ’™ğŸ’™ğŸ’™ğŸ’™ğŸ’™ğŸ’™ğŸ’™ğŸ’™ğŸ’™ğŸ’™ğŸ’™ğŸ’™ğŸ’™ğŸ’™ğŸ’™ğŸ’™ğŸ’™ğŸ’™ğŸ’™ğŸ’™ğŸ’™ğŸ’™ğŸ’™ğŸ’™ğŸ’™ğŸ’™ğŸ’™"
195,"2026-01-26 14:51:43","Shamotee I love youu <3"
196,"2026-01-26 14:51:44","28/3 .. time is clicking ğŸ‘°ğŸ»â€â™€ï¸â£ï¸"
198,"2026-01-26 14:54:43","J ğŸ¤ The greatest blessing of my life"
199,"2026-01-26 14:56:47","Ø§Ù†ØªÙˆ Ø§ØºÙ„Ù‰ Ø´ÙŠØ¦ÙŠÙ† Ø¨Ø­ÙŠØ§ØªÙŠ ğŸ¤ğŸ¤ğŸ¤"
201,"2026-01-26 15:08:10","miss you grandma"
203,"2026-01-26 15:10:51","Babbyy chlm ne super ahh"
205,"2026-01-26 15:12:01","In every breath I take I choose to stay with you. Thank you for being mine."
206,"2026-01-26 15:12:12","BVGIğŸ’"
209,"2026-01-26 15:15:44","I LOVE YOU TONY"
210,"2026-01-26 15:22:40","I love you pookiee"
212,"2026-01-26 15:37:03","Ø£Ù…ÙŠØ±ÙŠ Ø§Ø­Ø¨Ùƒ ÙŠØ§ Ø§ØºÙ„Ù‰ Ù…Ù† Ø³ÙƒÙ† Ø¯Ø¨ÙŠ ğŸ¤"
213,"2026-01-26 15:37:34","Ø§Ù„Ø­Ù…Ø¯Ù„Ù„Ù‡ Ø¹Ù„ÙŠØ¬ ÙŠØ§ Ù†Ø¨Ø¶ÙŠ Ùˆ Ø´ÙƒØ±Ø§ Ø¹Ù„Ù‰ ÙˆØ¬ÙˆØ¯Ø¬ğŸ¤"
214,"2026-01-26 15:37:37","Always, AZIZ"
216,"2026-01-26 15:39:59","Taibah is the coolest"
217,"2026-01-26 15:40:05","ØªÙˆÙ†Ø³ Ø§Ù„Ø­Ø¨ â¤ï¸"
218,"2026-01-26 15:41:23","Willem and Cathrine boot are always in my heart"
220,"2026-01-26 15:42:19","Ø³ÙˆØ±ÙŠØ§ ØªØ­Ø¨ Ø§Ù„Ø§Ù…Ø§Ø±Ø§Øª â¤ï¸"
221,"2026-01-26 15:42:34","Helena is the coolest! ğŸ¦¦"
225,"2026-01-26 15:54:40","I loved your innocence,sibgha â˜ºï¸"
226,"2026-01-26 15:55:19","Ø´ÙƒØ±Ø§ Ø¹Ù„ÙŠØ§ Ø§Ù„Ø¬Ù…ÙŠÙ„Ø© Ø¹Ù„Ù‰ Ø¥Ø¹Ø·Ø§Ø¦ÙŠ Ø§Ù„Ø·Ø§Ù‚Ø© Ø§Ù„Ø¥ÙŠØ¬Ø§Ø¨ÙŠØ© Ø£Ù†Ø§ Ù…Ù…ØªÙ†Ø© Ø¹Ù„Ù‰ ÙˆØ¬ÙˆØ¯ÙƒÙ ÙÙŠ Ø­ÙŠØ§ØªÙŠ ØªØ¹Ù„Ù…Øª Ù…Ù†ÙƒÙ Ø§Ù„ÙƒØ«ÙŠØ± â™¥ï¸"
227,"2026-01-26 15:58:44","Arwa, the one with the art"
228,"2026-01-26 15:59:26","â€Ùˆ Ø¹Ù†Ø¯Ù…Ø§ Ø±Ø¢Ù‡Ø§ Ø¨Ø§Ø¦Ø¹ Ø§Ù„ÙˆØ±Ø¯ ØªÙÙ‚Ù‘Ø¯ Ø³Ù„Ù‘ØªÙ‡Ù â™¥ï¸ Ø³Ø§Ø±Ù‡ (Ø¢Ø±ÙˆØ±Ø§)"
229,"2026-01-26 15:59:33","Love you mama munaâ¤ï¸"
230,"2026-01-26 16:00:33","Alya you have a beautiful smileâ™¥ï¸"
231,"2026-01-26 16:02:15","Mama loves you AYAAN!!"
232,"2026-01-26 16:03:52","You will be okay again ğŸ«‚"
233,"2026-01-26 16:04:28","You will always be in my heart, forever and ever!!"
234,"2026-01-26 16:07:39","i love you aayu"
235,"2026-01-26 16:12:18","Ø§Ù„Ø­Ù…Ø¯Ù„Ù„Ù‡ Ø¹Ù„Ù‰ Ø¬Ù…ÙŠØ¹ Ø§Ù„Ù†Ø¹Ù… âœ¨ğŸ¤"
237,"2026-01-26 16:13:11","â™¥ï¸Rouda Adoma Alyaâ™¥ï¸"
238,"2026-01-26 16:14:37","Itâ€™s never that deep"
241,"2026-01-26 16:26:48","Joe, I miss you so so so much and I hope you are okay"
242,"2026-01-26 16:29:58","I love you baby aff"
244,"2026-01-26 16:32:52","Grateful to have you in my life HayağŸ¤"
245,"2026-01-26 16:33:11","iâ€™m beyond grateful for having you maryame â£ï¸"
246,"2026-01-26 16:33:23","THANK YOU TO MYSELF .. ONE & ONLY AMM"
247,"2026-01-26 16:34:34","Grateful to have a friend like youğŸ¤ Ayesha"
249,"2026-01-26 16:34:49","I appreciate you a lot Asha!"
251,"2026-01-26 16:36:38","I love you beyond distance and time, HSğŸ©µ"
252,"2026-01-26 16:37:53","I love you ALMANSOORI family ğŸ¤"
254,"2026-01-26 16:39:01","Ø¹Ù€ÙˆØ´Ù‡ Ø§Ù„Ù€Ù…Ù†ØµÙˆØ±ÙŠ
Was hereğŸ’«ğŸ¤."
255,"2026-01-26 16:39:16","I love you beyond distance and time AA â¤ï¸"
256,"2026-01-26 16:39:20","Ø®Ù„ÙˆØ¯ Ø§Ù„Ù…Ù†ØµÙˆØ±ÙŠ
Was here
Ù…Ø¹ ØªØ­ÙŠØ§ØªÙŠ ğŸ¤ğŸ¤ğŸ¤"
257,"2026-01-26 16:40:10","â€ğŸ§¡ ÙŠØ§ Ù…Ø±Ø­Ø¨Ø§ ÙŠØ§ Ù…ÙØ¨ØªØºÙ‰ Ø§Ù„Ù‚Ù„Ø¨ Ùˆ Ù…Ù†Ø§Ù‡ ğŸ§¡"
258,"2026-01-26 16:41:06","i love my mom and iâ€™ll always love her"
259,"2026-01-26 16:41:31","I pray to make my family proud and happy - reem"
260,"2026-01-26 16:42:09","Ø¹Ø³ÙØ§ÙŠ Ø£Ù„Ù‚Ø§Ùƒ Ù…Ù† Ø¨Ø¹Ø¯ Ø§Ù„ØºÙŠØ§Ø¨ Ø§Ù„Ù…ÙØ± Ø¨Ø§Ù„Ø¬Ù†Ø©â€Ø§Ù„Ù„Ù‡ ÙŠØ±Ø­Ù…Ùƒ
Ø³Ù„Ø·Ø§Ù† Ø§Ù„Ù…Ø§Ø²Ù…ÙŠ ğŸ¤"
261,"2026-01-26 16:44:49","â€ÙŠØ§ Ù„ÙŠØªÙ‡ ÙŠØ¹Ù„Ù… Ø£Ù†ÙŠ Ù„Ø³Øª Ø£Ø°ÙƒØ±Ù‡ÙÂ â€ÙˆÙƒÙŠÙ Ø£Ø°ÙƒØ±Ù‡ Ø¥Ø° Ù„Ø³Øª Ø£Ù†Ø³Ø§Ù‡Ù"
262,"2026-01-26 16:44:49","Love you Faisal and vavachi
Thank you for being there for me always"
266,"2026-01-26 16:50:51","Good luck Rita"
267,"2026-01-26 16:51:44","Heart is not whole"
269,"2026-01-26 16:58:01","Iâ€™d never be able to admit it but you are so beautiful when you smile. Maybe youâ€™ll see this message and know itâ€™s about you ğŸ¤"
270,"2026-01-26 17:00:49","Love you Rogie ğŸ’œ sorry for not picking u up :("
272,"2026-01-26 17:02:16","Nat, Tu byÅ‚am"
273,"2026-01-26 17:03:35","Hai Anju life long happyah iru..
I will be with you always..
By lal"
274,"2026-01-26 17:04:32","Sahil
Chinchu Sahil
Arnav Sahil
aarav Sahil
â¤ï¸â¤ï¸â¤ï¸â¤ï¸ğŸŒ¹ğŸŒ¹ğŸŒ¹ğŸŒ¹"
276,"2026-01-26 17:14:11","Ø§Ù†Øª ØºÙŠØ± Ø§Ù„Ù†Ø§Ø³ Ø¹Ù†Ø¯ÙŠğŸ©µ"
277,"2026-01-26 17:16:29","ÙˆØ£Ø·Ù…Ø¹ØªÙ†ÙŠ ÙÙŠ Ù†ÙŠÙ‘Ù„ Ù…Ø§ Ù„Ø§ Ø£Ù†Ø§Ù„Ù‡ Ø¨Ù…Ø§ Ù†Ù„Øª
Ø­ØªÙ‰ ØµØ±Øª Ø£Ø·Ù…Ø¹ ÙØ§Ù„Ù†Ø¬Ù…"
279,"2026-01-26 17:20:46","Love you Fidha"
280,"2026-01-26 17:21:18","Iâ€™ll never forget you even if I fall into oblivion"
281,"2026-01-26 17:23:32","Adhira mumma loves you..you are my lucky charm..I love you ğŸ˜"
282,"2026-01-26 17:26:26","Aai bhawu Adhira always loves you..your our biggest support..our mentor.."
283,"2026-01-26 17:32:39","Nothing is for you"
284,"2026-01-26 17:33:14","ÙˆØ¬ÙˆØ¯Ùƒ ÙÙŠ Ø­ÙŠØ§ØªÙŠ Ù†Ø¹Ù…Ø©"
285,"2026-01-26 17:33:26","Meera is the best"
286,"2026-01-26 17:33:32","Ø§Ù†Øª ØºÙŠØ± Ø§Ù„Ù†Ø§Ø³ Ø¹Ù†Ø¯ÙŠ Ø§Ù†ØªÙ‡ Ø¹Ù†Ø¯ÙŠ Ø£ØµÙ„Ø§ ÙƒÙ„ Ø´ÙŠ"
287,"2026-01-26 17:33:41","Ø§Ø­Ø¨Ùƒ ÙŠØ§ Ø§ØºÙ„Ø§ Ø§Ù„Ù†Ø§Ø³ â¤ï¸"
288,"2026-01-26 17:34:18","I love you more than anything â¤ï¸"
289,"2026-01-26 17:34:27","Ghaya is the best ğŸ‘ğŸ¼"
290,"2026-01-26 17:35:27","ÙØ¯ÙŠØªØ¬ Ø´Ù…Ø§Ø¡ ğŸ’—"
291,"2026-01-26 17:35:27","Ø§Ø­Ø¨Ø¬ Ø¨Ø§Ø¨Ø§ØªÙŠ"
292,"2026-01-26 17:36:01","I love you haya"
294,"2026-01-26 17:37:43","Maftool is the best"
297,"2026-01-26 17:40:21","ÙŠØ§Ø±Ø¨ Ø§ØªØ²ÙˆØ¬ Ù‡Ø§ÙŠ Ø§Ù„Ø³Ù†Ù‡"
298,"2026-01-26 17:41:13","Beauty is pain and beauty is everything"
299,"2026-01-26 17:42:24","Jahan Ø¹ÙŠÙ†ÙŠ"
301,"2026-01-26 17:45:46","Ø£Ø­Ø¨ Ø§Ù„Ø¹Ø§Ù„Ù… ÙˆØ§Ù„Ù†ÙˆØ± ÙˆØ§Ù„ÙˆÙØ±Ø© ÙˆØ§Ù„Ø³Ù„Ø§Ù… ÙˆØ§ØªÙ…Ù†Ù‰ ÙƒÙ„ Ø§Ù„Ø¹Ø§Ù„Ù… ÙŠÙƒÙˆÙ†ÙˆÙ† Ù…ØªØµÙ„ÙŠÙ† Ø¨ Ø°Ø§ØªÙ‡Ù… Ùˆ Ø¨Ø§Ù„Ù„Ù‡ ÙˆÙŠØ§Ø±Ø¨ Ù‡Ø§Ù„Ø³Ù†Ø© Ø§Ù„Ù„Ù‡  ğŸ¤ÙŠØ¬Ù…Ø¹Ù†ÙŠ Ù…Ø¹ Ø´Ø±ÙŠÙƒ Ø­ÙŠØ§ØªÙŠ Ø§Ù„ÙŠ ÙŠØ´ÙˆÙÙ‡ Ù…Ù†Ø§Ø³Ø¨ Ù„ÙŠ"
302,"2026-01-26 17:46:16","Jashii â¤ï¸"
303,"2026-01-26 17:47:37","Ø§ØªÙ…Ù†Ù‡ ÙƒÙ„ Ø´Ø®Øµ Ù…Ø±Ù‡ Ù Ø­ÙŠØ§ØªÙŠ ÙŠØ´ÙˆÙ Ø§Ù„Ø®ÙŠØ± Ùˆ Ø§Ù„Ø­Ø¨ Ùˆ Ø§Ù„Ø³Ø¹Ø§Ø¯Ù‡ Ùˆ Ø§Ù„Ø´ÙØ§Ø¡ Ø§Ù„Ø¯Ø§ÙŠÙ…ğŸ¤"
304,"2026-01-26 17:47:46","PabuğŸ’—jashii"
305,"2026-01-26 17:54:57","shouqyağŸ¤"
306,"2026-01-26 17:54:58","ğŸ¤Ù…Ø­Ù…Ø¯ Ø§Ù„Ø­Ù…Ø§Ø¯ÙŠ"
307,"2026-01-26 18:03:03","Ø±Ø¨ÙŠ ÙŠÙˆÙÙ‚ÙƒÙ… ÙˆØ§Ù† Ø´Ø§Ø¡Ø§Ù„Ù„Ù‡ Ù†ØªØ®Ø±Ø¬ â¤ï¸"
308,"2026-01-26 18:03:14","Ø¹Ø¨Ø¯Ø§Ù„Ù„Ù‡ Ø§Ù„Ø´Ø­ÙŠ ğŸ¤"
309,"2026-01-26 18:04:01","â¤ï¸Ù…ÙˆØ²Ø© Ø§Ù„Ø´Ø­ÙŠ"
310,"2026-01-26 18:18:31","I miss you mama -alexğŸ˜˜"
313,"2026-01-26 18:20:11","We all pretend to be the heroes on the good side but what if were the villain?"
314,"2026-01-26 18:21:00","Miss you polskie! WuvyuğŸ˜˜ğŸ˜˜ğŸ˜˜"
315,"2026-01-26 18:31:38","Ø§Ø­Ù…Ø¯ Ø§Ù„Ø®ÙˆØ±ÙŠ ÙŠØªÙ…Ù†Ø§Ù„ÙƒÙ… Ø§Ù„ØªÙˆÙÙŠÙ‚"
317,"2026-01-26 18:38:50","I wish everyone all the best â¤ï¸
AJ"
321,"2026-01-26 18:52:58","I love you Fati"
323,"2026-01-26 18:59:19","Javed, Zaman, Mujtaba, Murtaza, Mustafaâ¤ï¸â¤ï¸  brothers"
326,"2026-01-27 11:09:53","I miss you Liviaâ™¥ï¸"
331,"2026-01-27 12:33:59","I love the man he is, his love language means care and words of affirmation. lucky to have him beside meâ¤ï¸"
335,"2026-01-27 12:45:07","Chubby and Chammu Forever â¤ï¸"
336,"2026-01-27 12:53:13","Mowi â¤ï¸ Ginger"
337,"2026-01-27 12:56:11","Fatma, youâ€™re my fav"
338,"2026-01-27 13:04:38","You're beautiful as usual.. Mai"
339,"2026-01-27 13:09:02","haya ğŸ©· sara ğŸ©· maryam"
349,"2026-01-27 13:17:34","Ø¹ÙŠØ³Ù‰ ÙŠØ­Ø¨ Ù…Ø±ÙŠÙ… Ù„Ù„Ø§Ø¨Ø¯âœ¨"
351,"2026-01-27 13:28:15","Ø§Ø¯Ø¹ÙˆÙ„ÙŠ Ø±Ø¨Ù†Ø§ ÙŠØ¬Ø¨Ø± Ø¨Ø®Ø§Ø·Ø±Ù‰ ğŸ™"
352,"2026-01-27 13:29:42","Ø­Ø¨ÙŠ Ù„Ùƒ Ø¨Ø­Ø¬Ù… Ø§Ù„ÙƒÙˆÙ†
Ø§Ø­Ø¨Ùƒ ÙØ¶Ù„"
354,"2026-01-27 13:33:07","ÙØ±Ø­ â™¥ï¸ Ø¹Ø¨Ø¯Ø§Ù„Ø¹Ø²ÙŠØ²"
360,"2026-01-27 13:40:55","Ø§Ù„Ø¹Ù†ÙˆØ¯ - Ù…Ù‡Ø±Ù‡ - Ø´Ù…Ø§ - Ø¹ÙØ±Ø§ - Ø®Ø§Ù„Ø¯
ğŸ’™ğŸ’™ğŸ’™ğŸ’™ğŸ’™ğŸ’™ğŸ’™ğŸ’™ğŸ’™ğŸ’™"
365,"2026-01-27 13:57:02","Meeting you changed everything! â¤ï¸
Sarah"
366,"2026-01-27 13:59:18","Love you, Rouda. You deserve to be happy. â£ï¸"
367,"2026-01-27 13:59:19","â¤ï¸Endless blessed , forever grateful â¤ï¸"
368,"2026-01-27 13:59:41","Hey Osha, I just wanted to say thank you for being in my life"
369,"2026-01-27 14:01:15","Love you all Guys
Salama, Shaikha, Ayesha, Alia and Geeâ™¥ï¸â™¥ï¸â™¥ï¸â™¥ï¸â™¥ï¸â™¥ï¸"
370,"2026-01-27 14:03:33","Am proud of you my family & blessed to have you all in my life. H.E Dr.Khalid <3"
371,"2026-01-27 14:04:02","You are one of the beautiful train stops ğŸ’—ğŸ’—"
372,"2026-01-27 14:07:22","Amazing people, Amazing country
Wassim Nisrine Fariz"
373,"2026-01-27 14:08:31","We long for you CÃ©line <3"
374,"2026-01-27 14:13:18","I love u 3loyaa ğŸ«¶ğŸ»ğŸ’˜ğŸ’•ğŸ’•ğŸ’•ğŸ’•ğŸ’•"
375,"2026-01-27 14:14:41","Ø§Ø­Ø¨Ø¬ Ù‚Ø¯ Ø§Ù„Ø¨Ø­Ø± Ùˆ Ø³Ù…ÙƒØ§ØªÙˆ Ø¹Ù„ÙŠØ§ğŸ’‹â£ï¸"
376,"2026-01-27 14:21:13","Ù„Ùˆ ÙƒÙ„ Ø§Ù„Ù†Ø§Ø³ Ø®Ù„ÙˆÙƒ Ø§Ù†Ø§ Ø§Ø¨Ù‚Ù‰ Ù„Ùƒ Ø³Ù†Ø¯ Ùˆ Ø¸Ù‡Ø± Ø·ÙˆÙ„ Ø§Ù„Ø¹Ù…Ø± ğŸ¤

224 ğŸ¤"
377,"2026-01-27 14:24:46","I miss you Daddy MKâ™¥ï¸"
378,"2026-01-27 14:29:13","I miss you Mayed, I just wish we will meet in Allah's plan again"
379,"2026-01-27 14:30:46","You are my legacy"
380,"2026-01-27 14:30:50","i love you hindd my bestieğŸ’˜ğŸ’˜"
381,"2026-01-27 14:30:55","I love you shushu, Shamo, maryoom, Hamood and saoodâ¤ï¸"
382,"2026-01-27 14:32:32","Meadow ~ â™¥ï¸"
383,"2026-01-27 14:33:01","Ø§Ø¨ØªØ³Ø§Ù… ÙˆÙØ·ÙˆÙ… ÙˆØ­Ù…Ø¯Ù‡ Ø£Ù†Ø§ Ù…Ù…ØªÙ†Ù‡ Ù„ÙƒÙ… â¤ï¸"
384,"2026-01-27 14:34:42","Someone  out there will hear your laugh and fall in love with it â¤ï¸"
385,"2026-01-27 14:34:50","Ø§Ø­Ø¨Ø¬ Ø§Ø®ØªÙŠ Ø¹Ù„ÙŠØ§Ø¡ Ùˆ Ø§Ù„Ø­Ù…Ø¯Ù„Ù„Ù‡ Ø¹Ù„Ù‰ ÙˆØ¬ÙˆØ¯Ø¬ â¤ï¸."
386,"2026-01-27 14:35:12","Team C âœ¨"
388,"2026-01-27 14:39:05","Ø±ÙˆØ¶Ù‡ ÙØ·ÙˆÙ…  Ù†ÙˆØ±Ù‡ Ù†ÙˆØ±Ù‡ Ù‡Ù†ÙˆØ¯Ù‡ Ø­ØµÙ‡ Ù…Ù†ØµÙˆØ± Ø­Ù…ÙˆØ¯ ØºÙ†ÙˆÙ… Ø³Ù‡ÙŠÙ„ love you all â¤ï¸â¤ï¸â¤ï¸.."
389,"2026-01-27 14:43:03","Your life is only as good as the people you choose to surround yourself with. Surround yourself with good soulsğŸ’™"
391,"2026-01-27 14:47:24","Raizu âœ¨ Duaâœ¨"
392,"2026-01-27 14:50:37","Know that you are loved unconditionally âœ¨ğŸ¤ that you are unique, strong and beautiful. Be kind with yourself just like you are with others."
393,"2026-01-27 14:56:58","ØºÙ†Ø§ØªÙŠ Ù…Ø±ÙˆÙ‡ ÙƒÙ… Ø§Ø­Ø¨Ø¬"
394,"2026-01-27 15:03:21","Ø§Ù„Ø­Ø¨ Ø¬Ø§Ø³Ù…Ù†  Ø±Ø­Ù„ØªÙ†Ø§ Ø¥Ù„Ù‰ Ø³ÙƒÙ‡ ÙƒÙ„ Ø³Ù†Ù‡ ØªÙƒÙˆÙ† Ø£Ø¬Ù…Ù„ â™¥ï¸"
395,"2026-01-27 15:03:55","ÙˆØ§Ù†ØªÙŠ Ø§ØºÙ„Ù‰ Ù…Ù† Ø§Ù„ÙˆØ¹Ø¯ Ù„Ø§Ù†Ùƒ ÙˆØ¹Ø¯
Ø¹ÙˆØ´Ù‡ğŸ’™"
396,"2026-01-27 15:04:32","Sehamie and Meera love you ğŸ©·"
397,"2026-01-27 15:04:59","to many more years spent next to you"
398,"2026-01-27 15:05:28","shaikha is thr coolest in town"
399,"2026-01-27 15:05:47","Love you Ù…ÙŠÙ…ÙŠğŸ¤"
400,"2026-01-27 15:09:12","Believe your self itâ€™s your life do whatever you want if you think positive you can do it and you become it Always love yourself.  Kiruthika Ragupathi."
401,"2026-01-27 15:11:21","Ø§Ù„Ù„Ù‡ Ù„Ø§ ÙŠØ­Ø±Ù…Ù†ÙŠ Ù…Ù†Ùƒ ÙŠØ§ØºÙ„Ø§ÙŠ
My FawaghiğŸ©·

JojoğŸ©·"
402,"2026-01-27 15:11:55","ÙˆØ§Ù†ØªÙŠ Ø£ØºÙ„Ù‰ Ù…Ù† Ù†Ø¸Ø± Ø¹ÙŠÙ†ÙŠ Jami ğŸ’•"
406,"2026-01-27 15:16:31","ÙŠØ§Ø±Ø¨ Ù…Ø²Ù†Ù‡ ØªØ¹ÙŠØ´ ÙØ§Ù„Ø¥Ù…Ø§Ø±Ø§Øª Ùˆ Ù…Ø§ ØªØ±Ø¯ Ø§Ù„ÙƒÙˆÙŠØª"
407,"2026-01-27 15:17:05","We miss you amoonaağŸ’•"
408,"2026-01-27 15:17:43","Iâ€™ll love you for a thousand years Noufi â™¥ï¸"
409,"2026-01-27 15:20:07","I love mamati for everything she has done for me, Iâ€™m forever grateful for herâ¤ï¸
From:Noufa
To:fawaghi"
410,"2026-01-27 15:20:46","I love you zandogii
Aâ£ï¸N"
411,"2026-01-27 15:21:54","Ø§Ù„Ù„Ù‡ ÙŠØ­ÙØ¸Ù„ÙŠ Ø¹ÙŠØ§Ù„ÙŠ â™¥ï¸ Ù…Ø¬Ø±Ù† ØŒ Ù…ØªØ±Ù"
412,"2026-01-27 15:22:45","you will always be Mineâ¤ï¸"
413,"2026-01-27 15:23:44","Love you UM Mejrenâ¤ï¸"
415,"2026-01-27 15:29:34","Ø®Ù„ÙŠÙØ© ÙŠØ­Ø¨ Ø§Ù„Ø¥Ù…Ø§Ø±Ø§Øª"
418,"2026-01-27 15:33:05","Ø§Ø­Ø¨ Ù…ÙˆØ§Ø² Ø­Ø¨ Ù…Ø´ Ø·Ø¨ÙŠØ¹ÙŠ!"
419,"2026-01-27 15:34:50","ÙØ¯ÙŠØª Ù‚Ù„Ø¨Ø¨Ø¬ Ù…Ø±ÙŠÙˆÙ…"
420,"2026-01-27 15:42:20","Ø´ÙƒØ±Ø§Ù‹ Ù„ÙˆØ¬ÙˆØ¯Ùƒ ÙÙŠ Ø­ÙÙŠØ§ØªÙŠ .."
422,"2026-01-27 15:47:44","Ù„Ø§Ù†Ùƒ ØªØ±ÙŠÙ† Ø§Ù„Ø¬Ù…Ø§Ù„ Ø­ÙŠØ« Ù„Ø§ ÙŠØ±Ø§Ù‡ Ø§Ù„Ø¢Ø®Ø±ÙˆÙ†ØŒ Ø§Ù„ÙÙ† ÙŠØ´Ø¨Ù‡Ùƒ ğŸ¦‹"
423,"2026-01-27 15:48:02","Ø´ÙƒØ© Ùˆ ÙØ·ÙˆÙˆÙ… ÙˆØ¨Ø§ÙØ§Ø§"
424,"2026-01-27 15:48:19","My lulie is the best lulie ğŸ«¤ğŸ§"
425,"2026-01-27 15:51:27","Ali loves Aysha"
432,"2026-01-27 15:59:34","Sending love from Sydney â¤ï¸"
433,"2026-01-27 16:00:07","Thankful for being in my life MansoorğŸ¥¹â¤ï¸"
434,"2026-01-27 16:00:36","Thankful & grateful for you ğŸ’šdodi"
435,"2026-01-27 16:01:11","Hour is my ride or die ğŸ’•"
436,"2026-01-27 16:01:46","I love you Mark ğŸ’™â¤ï¸"
438,"2026-01-27 16:06:29","Ø­Ø¨ÙŠØ¨ØªÙŠ ÙŠØ§ Ø§Ù†Ø§ â¤ï¸ Ù…Ø§ÙÙŠÙ†ÙŠ ØµØ¨Ø± Ø§Ø´ÙˆÙØ¬ Ù…Ø­Ù‚Ù‚Ø© ÙƒÙ„ Ø§Ø­Ù„Ø§Ù…Ø¬ ÙˆØ­ÙŠØ§ØªØ¬ Ù…Ù„ÙŠØ¦Ø© Ø¨Ø§Ù„Ø­Ø¨ ÙˆØ§Ù„Ø³Ø¹Ø§Ø¯Ù‡"
439,"2026-01-27 16:08:45","Thank you for being a part of my life, I canâ€™t live without you. Ice Matcha Lattes ğŸµ"
440,"2026-01-27 16:08:50","Darkness has a light, thats why the moon shines bright."
441,"2026-01-27 16:09:35","Ø­Ù…Ø¯ ğŸ’› Ù…ÙŠØ«Ø§Ø¡"
442,"2026-01-27 16:10:55","I love you saifğŸ˜œ"
446,"2026-01-27 16:13:49","ÙØ¯ÙŠØª Ù…Ø§ÙŠØ¯"
448,"2026-01-27 16:18:10","Make the most whenever you are :)"
452,"2026-01-27 16:22:05","kesang was here ğŸŒ¸"
454,"2026-01-27 16:22:56","Ø¹Ù„ÙŠØ§Ø¡ â™¥ï¸ Ø£Ø­Ù…Ø¯"
458,"2026-01-27 16:25:03","ğŸŒ» Ø£ÙŠÙ†Ù…Ø§ Ø£Ù†Ø¨ØªÙƒ Ø§Ù„Ù„Ù‡ Ø£Ø²Ù‡Ø± ğŸŒ»"
462,"2026-01-27 16:28:08","Ø­Ù…Ø§Ø³ÙŠ Ø´ÙˆÙÙŠ Ø¬Ø¯Ø§Ù…Ø¬ Ø¹Ø´Ø§Ù† Ù…Ø§ØªØ·ÙŠØ­ÙŠÙ†ØŒ Ø£Ù…ÙˆØª ÙÙŠØ¬â¤ï¸"
464,"2026-01-27 16:34:44","Love you galby jo"
465,"2026-01-27 16:35:36","Ahabech ana hayati ahaabuy ğŸ’“"
472,"2026-01-27 16:38:06","Love u my S"
477,"2026-01-27 16:39:21","Ù…ÙŠØ«Ø§ğŸ’™Ø¹Ù„ÙŠ"
480,"2026-01-27 16:39:50","I will choose you over and over again pre !!"
482,"2026-01-27 16:41:00","Ø­Ù„ÙŠÙ…Ù‡ Ù…ÙŠØ«Ø§ ÙØ§Ø·Ù…Ù‡ğŸ¤"
483,"2026-01-27 16:44:03","Never leave the art in youâ€¦"
484,"2026-01-27 16:44:28","Love is eternal"
485,"2026-01-27 16:44:35","Jag Ã¤lskar dig"
487,"2026-01-27 16:46:46","Alvita and Fathima <3"
488,"2026-01-27 16:52:06","H & R ğŸ’˜ğŸ’˜ğŸ’˜ğŸ’˜ğŸ’˜"
490,"2026-01-27 16:53:16","I love youğŸ’™âœ¨"
491,"2026-01-27 16:53:29","æˆ‘çˆ±é˜¿è¯é…‹"
492,"2026-01-27 16:54:16","Alia and rayan ğŸ©µ"
493,"2026-01-27 16:54:27","Ø§Ø­Ø¨Ø¬ Ù…ÙˆØ²Ù‡"
499,"2026-01-27 17:08:09","Ø§Ø¨ØªØ³Ù… Ø§Ù†Øª ÙÙŠ Ø³ÙƒØ©"
500,"2026-01-27 17:08:21","What is no longer accessible is no longer remembered."
501,"2026-01-27 17:10:20","ÙˆØ£Ø¬Ù…Ø¹Ù†ÙŠ ÙŠØ§ Ø§Ù„Ù„Ù‡ Ø¨ØªÙ„Ùƒ Ø§Ù„Ø¯Ø¹ÙˆØ© Ø§Ù„ØªÙŠ ÙŠÙƒØ±Ø±Ù‡Ø§ Ù‚Ù„Ø¨ÙŠ ÙÙŠ ÙƒÙ„ Ù„ÙŠÙ„Ø©."
502,"2026-01-27 17:11:23","Ø§Ø­Ù„Ù‰ ØªØ­ÙŠÙ‡ Ù„Ø£Ø­Ù„Ù‰ Ø­Ø¨ÙŠØ¨ÙŠ"
503,"2026-01-27 17:13:50","Change your perception â™¥ï¸"
504,"2026-01-27 17:14:51","10.10â™¡"
506,"2026-01-27 17:16:36","I love you forever"
507,"2026-01-27 17:17:31","Engy Dana Haya are the coolest â¤ï¸"
509,"2026-01-27 17:18:42","i love mshmsh"
510,"2026-01-27 17:45:32","Lucky to have found you, Shreyas. Grateful ğŸ§¿"
511,"2026-01-27 17:47:35","Always return to prayer â¤ï¸"
512,"2026-01-27 17:50:00","Ù¢Ù§.ÙŠÙ†Ø§ÙŠØ±.Ù¢Ù Ù¢Ù¦| ÙˆÙ„Ø¹Ù„ÙÙ‘ Ø§Ù„Ù„Ù‡ Ø£Ø±Ø§Ø¯ÙÙ‡Ø§ Ø£Ù† ØªØ£ØªÙÙŠ Ù…ÙØªØ£Ø®Ø±Ø©ÙÙ ÙØªØ£ØªÙÙŠ Ø£Ø¹Ø¸ÙÙ… ÙˆØ£ÙƒØ±Ù… ğŸ¤..  Ø­ÙÙˆÙ’Ø±Ø§Ø¡"
513,"2026-01-27 17:50:20","Ø§Ø­Ø¨Ø¬ Ù…Ø§Ù…Ø§ Ù…Ù† Ø¨Ù†ØªØ¬ Ø¹Ù„ÙŠØ§Ø¡"
515,"2026-01-27 17:57:21","Everything happens for a reason."
517,"2026-01-27 18:04:29","Ù†Ø´ÙˆÙØ¬ ÙÙŠ Ø§Ø¹Ù„Ù‰ Ø§Ù„Ù…Ù†Ø§ØµØ¨ ÙŠØ§ Ø´Ù…Ø³Ù‡ğŸ«‚ğŸ’"
519,"2026-01-27 18:09:39","According to your faith , let it be done to you"
524,"2026-01-27 18:12:59","Love you Salama!"
525,"2026-01-27 18:20:26","Ø§Ø­Ø¨Ùƒ Ø³ÙŠÙÙŠ â™¥ï¸"
526,"2026-01-27 18:21:50","Appreciate Life â¤ï¸"
527,"2026-01-27 18:40:14","Be happy always"
528,"2026-01-27 18:40:46","Love you kzonat ğŸ’•  mimi & maryoma"
529,"2026-01-27 18:40:47","to my favorite person ever, i hope you know that u genuinely changed me to the better, i learned so much from you , i really feel sad about what happened between us , but i genuinely always will love you and appreciate you awash"
530,"2026-01-27 18:49:16","my mama birdy is forever mama birdy"
531,"2026-01-27 18:51:03","the ghados danos linos bu bakrus hug you"
532,"2026-01-27 18:51:45","I love you Souss!
You are my guide in the darkness ğŸ’–ğŸ’–ğŸ’–"
535,"2026-01-28 12:59:01","Ahmad â¤ï¸
I love you so much ğŸ¥°â¤ï¸â¤ï¸â¤ï¸â¤ï¸"
536,"2026-01-28 12:59:01","Ø§Ø­Ø¨ÙƒÙ… ÙŠØ²ÙˆÙŠØªÙŠ ÙˆÙ„ÙˆÙ„ÙˆØªÙŠ ğŸ¤"
540,"2026-01-28 13:01:02","Ø§Ù„Ù„Ù‡Ù… Ø§Ø­ÙØ¸ ÙˆÙ„Ø§Ø© Ø§Ù…ÙˆØ±Ù†Ø§ â¤ï¸"
541,"2026-01-28 13:01:03","MaithağŸ¤amna"
542,"2026-01-28 13:01:35","ÙŠØ§Ø±Ø¨ Ø§Ø­ÙØ¸ Ø§Ù„Ø´ÙŠØ® Ù…Ø­Ù…Ø¯ Ø¨Ù† Ø²Ø§ÙŠØ¯ Ø§Ù„ Ù†Ù‡ÙŠØ§Ù† â¤ï¸"
543,"2026-01-28 13:01:58","22.2.2022â™¥ï¸ğŸ’"
544,"2026-01-28 13:03:47","ğŸ’™ â€Ø¯Ù†ÙŠØ§ÙŠ Ø¨ÙÙˆØ¬ÙˆØ¯Ùƒ Ù‡Ù†ÙŠÙ‘Ù‡"
545,"2026-01-28 13:05:27","Ù…Ù…ØªÙ†Ù‡ Ù„ØµØ¨Ø±ÙŠ Ùˆ Ù‚ÙˆØªÙŠ Ùˆ Ø§ØªØ²Ø§Ù†ÙŠ â¤ï¸"
546,"2026-01-28 13:05:56","Grateful to where I have reached, proud of myselfğŸ«¶ğŸ¾"
547,"2026-01-28 13:17:52","Ø´ÙˆÙ‚ Ù„Ø±ÙˆØ¶ Ø§Ù„Ù‚Ù„Ø¨ ÙŠØ§ Ø­Ø¨ ÙÙŠ Ù‚Ù„Ø¨ÙŠ"
548,"2026-01-28 13:30:40","you will forever be in my heart â£ï¸"
550,"2026-01-28 13:32:35","Hey Mona , Oso loves you â¤ï¸"
551,"2026-01-28 13:33:18","6.2.26 ğŸ’
S â™¡ G"
552,"2026-01-28 13:35:17","I was here ğŸ¤"
553,"2026-01-28 13:36:10","HappyğŸ©µ"
554,"2026-01-28 13:36:19","Ù‡Ù†ÙŠØ© was hereğŸ¤"
557,"2026-01-28 13:46:59","I'm forever grateful, I love you and I miss you  - sofy & xiams"
558,"2026-01-28 13:50:30","And when youâ€™re a little more excited than youâ€™re afraid, thatâ€™s when you begin again"
559,"2026-01-28 13:55:59","Ø§Ø­Ø¨Ùƒ Ø³ÙŠÙÙˆÙˆğŸ¤"
564,"2026-01-28 14:10:46","You are beautiful!"
565,"2026-01-28 14:12:19","We Are One â¤ï¸"
566,"2026-01-28 14:16:00","TalağŸ©µ"
567,"2026-01-28 14:17:04","Happy to be with you my one and only â¤ï¸"
568,"2026-01-28 14:20:17","Mr. Kikaâ€ is the best childrenâ€™s book about logistics . And Iâ€™m proud of u â¤ï¸"
569,"2026-01-28 14:21:05","Lali ğŸ¤
Reema ğŸ¤"
570,"2026-01-28 14:21:54","Grateful To Be Here With Hamosii â™¥ï¸"
571,"2026-01-28 14:22:24","I truly cherish your presence in my lifeas a cousin and a best friend.
Ø§Ù† Ø´Ø§Ø¡ Ø§Ù„Ù„Ù‡ ÙØ§Ù„Ø¯Ù†ÙŠØ§ Ùˆ Ø§Ù„Ø§Ø®Ø±Ù‡ ÙŠØ§Ø±Ø¨"
573,"2026-01-28 14:25:18","Ø±Ø¨ Ø§Ù„Ø®ÙŠØ± Ù„Ø§ ÙŠØ£ØªÙŠ Ø¥Ù„Ø§ Ø¨Ø§Ù„Ø®ÙŠØ± Ø­ØªÙ‰ ÙˆØ§Ù† ÙƒØ§Ù† Ø¸Ø§Ù‡Ø±Ù‡ Ø´Ø± â¤ï¸"
574,"2026-01-28 14:26:09","Love you monyetku ğŸ’•"
575,"2026-01-28 14:26:32","ToToâ€™s big day soon ğŸ¤"
576,"2026-01-28 14:28:55","Nyonyu nyometğŸ¤â¤ï¸ NGOII"
578,"2026-01-28 14:29:43","Whatever you do in this life, itâ€™s not legendary unless your friends are there to see it."
579,"2026-01-28 14:34:36","Grateful to be here"
580,"2026-01-28 14:35:43","Grateful for the life I live, and the friends I have beside meâ™¥ï¸"
581,"2026-01-28 14:52:17","We miss you Julie ğŸ’•"
582,"2026-01-28 14:53:25","Baby babyy ohh ela ğŸ¥°"
584,"2026-01-28 14:57:36","This place is wonderfulâ€¦â€¦"
585,"2026-01-28 15:02:37","i love you huda!"
586,"2026-01-28 15:02:40","Forever cherishing the days we live ..feel the moment..Gratitude..  -JM & Greenray"
587,"2026-01-28 15:06:08","We will always love you saeed ğŸ¤"
588,"2026-01-28 15:07:56","ÙØ·ÙˆÙ…ÙŠ Ø§Ø­Ø¨Ø¬"
590,"2026-01-28 15:16:45","Abhiâ€¦ I love You
Aashi"
591,"2026-01-28 15:20:27","La vida es bella ğŸ¤"
592,"2026-01-28 15:26:00","Seni Ã¶zledim Meltem â¤ï¸"
593,"2026-01-28 15:27:17","I love you wafooy"
594,"2026-01-28 15:27:21","Enis â¤ï¸ Mehtap #Dubai2026"
596,"2026-01-28 15:28:38","Ø§Ø®Ø§Ù Ø¹Ù„ÙŠØ¬ Ù…Ù† Ø¨Ø±Ø¯ Ø§Ù„Ø´ØªØ§Ø¡ ÙˆÙÙˆÙˆÙŠ"
597,"2026-01-28 15:28:56","hope this will never end, us."
602,"2026-01-28 15:40:45","Brawne â¤ï¸"
606,"2026-01-28 15:45:28","ØµØ±Øª Ø§Ù†Ø³Ø§Ù† Ø§Ø­Ø³Ù†"
607,"2026-01-28 15:46:40","eARTh without ART is EH"
609,"2026-01-28 15:52:10","Ø§Ø­Ø¨Ø¬ Ù…Ù†Ø§ÙŠØ§
Love you Muna â¤ï¸"
610,"2026-01-28 15:57:22","Love u Maryam"
611,"2026-01-28 15:58:17","Afary and Maryom were here"
612,"2026-01-28 16:06:10","Jojo, Najwan, and Farah were here, love from Omanâ¤ï¸"
613,"2026-01-28 16:06:12","Embrace discomfort, and you'll discover your new limits"
614,"2026-01-28 16:07:52","Ann and Nimal's first sikkağŸ’–"
616,"2026-01-28 16:08:49","I hope life is easy on you and you experience only good things inshallahğŸ©·."
617,"2026-01-28 16:09:13","You make me want to be a better person just by being around"
619,"2026-01-28 16:09:56","My Babies is the love of my life â¤ï¸Mohammed and Maithaâ¤ï¸"
621,"2026-01-28 16:10:19","Be happy ğŸ¤ğŸ¤"
622,"2026-01-28 16:11:12","Ù…ÙŠÙ‡ ÙØ®Ø± Ø§Ù„Ø¹Ø±Ø¨"
623,"2026-01-28 16:11:38","I love you my beautiful sisters â¤ï¸ Shamma Maitha Dhabia Aisha â¤ï¸"
627,"2026-01-28 16:14:39","â¤ï¸I love you Ø£Ø¨Ùˆ Ù…Ø­Ù…Ø¯ Ùˆ Ù…ÙŠØ«Ø§ â¤ï¸"
628,"2026-01-28 16:16:58","We love our Nolan
Appa & Amma"
630,"2026-01-28 16:26:55","Gracias a la vida, por darme tanto ğŸ–¤ğŸ’™ğŸ–¤
JL"
631,"2026-01-28 16:28:34","El amor siempre es el camino"
632,"2026-01-28 16:34:23","Ø£Ù†Ø§ Ø¯Ø±Ø¨ÙŠ Ø¹Ù„Ù‰ Ø§Ù„Ø¹Ù„ÙŠØ§ ØµÙ†Ø¹ØªØ©"
638,"2026-01-28 16:45:44","Happy Birthday Self
-Julius"
639,"2026-01-28 16:46:47","Sunshine â˜€ï¸"
640,"2026-01-28 16:47:33","In love with The UAE sky"
642,"2026-01-28 16:48:18","I miss you Aouli"
643,"2026-01-28 16:50:14","Maryam your my world bubs. Mama and papa loves you to the core"
644,"2026-01-28 16:52:33","Love you awash ğŸ©·"
645,"2026-01-28 16:52:58","MN ğŸ¤"
646,"2026-01-28 16:54:37","Te amo Fatoom ğŸ’—"
647,"2026-01-28 16:55:33","Ù…Ù† Ø³Ø±ÙˆØ± Ø§Ù„ÙŠ Ø³Ø±ÙˆØ± ÙˆÙ…Ù† Ø®ÙŠØ± Ø§Ù„ÙŠ Ø®ÙŠØ± ÙˆÙ…Ù† Ø¬Ù…ÙŠÙ„ Ø§Ù„ÙŠ Ø£Ø¬Ù…Ù„"
648,"2026-01-28 17:03:53","ÙŠØ®Ø±Ø¨ Ø¨ÙŠØª Ø¹ÙŠÙˆÙ†Ùƒ ÙŠØ§ Ø¹Ù„ÙŠØ§Ø¡ Ø´Ùˆ Ø­Ù„ÙˆÙˆÙŠÙ†"
649,"2026-01-28 17:07:37","Oh Raisa, iloveyou & am glad to be here with youuâ™¥ï¸"
650,"2026-01-28 17:11:52","Ø¨Ø­Ø¨Ùƒ Ù†Ø³Ø±ÙŠÙ†"
651,"2026-01-28 17:12:33","I love u rania"
652,"2026-01-28 17:16:03","Ø£Ø®ÙˆØ§ØªÙŠØŒ Ø£Ù†ØªÙ… Ù†Ø¹Ù…ØªÙŠ ÙˆØ³Ù†Ø¯ÙŠØŒ ÙˆØ¨ÙˆØ¬ÙˆØ¯ÙƒÙ… ØªØ·Ù…Ø¦Ù† Ø±ÙˆØ­ÙŠ. Ø­ÙØ¸ÙƒÙ… Ø§Ù„Ù„Ù‡ Ù„ÙŠ Ø¯Ø§Ø¦Ù…Ø§Ù‹ ğŸ¤"
653,"2026-01-28 17:17:52","Missing you all <3"
654,"2026-01-28 17:18:20","Moni I wish you could see this. Feeling so grateful for my family rnğŸ¥°"
655,"2026-01-28 17:20:08","Ø¹Ø¨ÙˆØ¯ ÙˆØ¹Ù…Ø§Ø± ÙˆÙ…Ø§Ù…Ø§ ÙˆØ±ÙŠÙ… Ø§Ø­Ø¨ÙƒÙ…Ù…"
656,"2026-01-28 17:20:59","Ù…Ø§Ù…Ø§ ÙˆØ¨Ø§Ø¨Ø§ Ø§Ø­Ø¨ÙƒÙ… ÙˆØ§ÙŠØ¯ Ø§Ù„Ù„Ù‡ ÙŠØ®Ù„ÙŠÙƒÙ… Ù„Ù†Ø§ ÙˆÙŠØ­ÙØ¸ÙƒÙ… â¤ï¸â¤ï¸â¤ï¸â¤ï¸â¤ï¸â¤ï¸â¤ï¸â¤ï¸"
657,"2026-01-28 17:21:01","Ø§Ø­Ø¨Ùƒ Ø®Ù„ÙˆÙˆØ¯ Ù…Ø±ØªÙƒ Ø§Ù„Ø¨Ø­Ø±ÙŠÙ†ÙŠÙ‡ Ø´ÙŠØ®Ùˆ ğŸ«¦"
658,"2026-01-28 17:21:17","Ø­Ø¨ÙŠØ¨ÙŠ Ø§Ø³Ø­Ø§Ù‚ Ø§Ø­Ø¨Ùƒ"
659,"2026-01-28 17:21:19","Ù†ÙˆØ±Ù‡ Ø·Ø§Ù„Ø¨ ÙˆÙŠÙˆØ³Ù Ù…Ø­Ø¨ÙŠ Ø¨Ù†ØªÙƒÙ… Ø¯Ø§Ù†Ù‡ ØªØ­Ø¨ÙƒÙ…ğŸ¤ğŸ¤ğŸ¤ğŸ¤ğŸ¤"
661,"2026-01-28 17:22:04","ÙŠØ§Ø±Ø¨ Ø£ØªØ²ÙˆØ¬ Ø³Ù‡ÙŠÙ„"
662,"2026-01-28 17:24:05","ÙØ·ÙˆÙ… ÙˆÙ…Ø±ÙŠÙˆÙ… ÙˆÙ†ÙˆÙÙˆ ÙˆØ´ÙŠÙˆÙ… ÙˆÙ…Ù‡ÙˆØ±Ø± ÙˆØ¨ÙˆØ¨ÙŠ ÙˆØ±ÙŠÙ… Ø§Ø´ØªÙ‚Øª Ù„Ù‡Ù… ÙˆÙ„Ù„Ø¨Ø­Ø±ÙŠÙ† Ø¨Ø¹Ø¯ğŸ¥²"
663,"2026-01-28 17:24:11","Ø§Ø­Ø¨Ø¬ ÙØ·Ø§Ù…ÙŠ Ø§Ø®ØªÙŠ Ø­Ø¨ÙŠØ¨ØªÙŠ ğŸ¤ğŸ¤ğŸ¤ğŸ¤ğŸ¤ğŸ¤"
664,"2026-01-28 17:27:35","Love you AD"
665,"2026-01-28 17:28:28","Ø§Ù„Ù„Ù‡Ù… Ø¨Ù„ØºÙ†Ø§ Ø±Ù…Ø¶Ø§Ù† Ù„Ø§ ÙØ§Ù‚Ø¯ÙŠÙ† ÙˆÙ„Ø§ Ù…ÙÙ‚ÙˆØ¯ÙŠÙ†"
666,"2026-01-28 17:29:49","ÙŠØ§Ø±Ø¨ Ø§Ø±Ø²Ù‚Ù†ÙŠ Ø¨Ø§Ù„Ù„ÙŠ ØªØªÙ…Ù†Ø§Ù‡"
668,"2026-01-28 17:31:30","Save the Date
The Wedding
of
Bryan & Belle

January 09, 2027"
673,"2026-01-28 17:49:50",Amina
674,"2026-01-28 17:50:01","Ø¨Ø­Ø¨ÙƒÙ…"
675,"2026-01-28 17:50:05","I wish all this was more for the world to comment and share"
677,"2026-01-28 17:50:57","Mashallah so nice! Shamil Hadzhi Epiev the best!! ğŸ’ªğŸ»"
678,"2026-01-28 17:51:36","AmğŸ«¶ğŸ¼"
680,"2026-01-28 17:52:27","ÙØ¯ÙŠØªÙƒÙ… ÙŠØ§ Ù‚Ø±ÙˆØ¨ Ø§Ù„Ù…Ø·Ø§Ù†ÙŠØ®!"
682,"2026-01-28 18:00:33","Ø§Ù„Ù„Ù‡ ÙŠØ®ØªØ§Ø± Ù„ÙŠ Ø§Ù„Ø®ÙŠØ±Ù‡ Ø§Ù„Ø·ÙŠØ¨Ù‡ ÙŠØ§Ø±Ø¨ğŸ’™"
684,"2026-01-28 18:01:25","Ø§Ù„Ù„Ù‡ ÙŠØ±Ø²Ù‚Ù†ÙŠ Ù…Ù„ÙŠÙˆÙ† Ù†Ø³Ø§ÙØ± Ø£Ù†Ø§ ÙˆÙ…ÙŠÙ…ÙŠ â¤ï¸ÙˆÙŠØ§ Ø±Ù†Ø¬ÙŠ"
685,"2026-01-28 18:02:32","Muntaha, rida, laraib"
686,"2026-01-28 18:03:07","Ø§Ù„Ù„Ù‡ ÙŠØ±Ø²Ù‚ Ù…ÙŠÙ…ÙŠ Ø±ÙŠÙ„ Ø§Ù„ØµØ§Ù„Ø­ ğŸ©·"
688,"2026-01-28 18:04:38","MuntahağŸ©·ğŸ’«"
690,"2026-01-28 18:06:22","Ù…Ù† Ù„ÙŠØ§Ù„ÙŠ Ø§Ù„Ù…Ø­Ø±Ù‚ Ø¥Ù„Ù‰ Ø§Ù„Ø´Ù†Ø¯Ù‚Ø© Ù…Ø§ Ø§Ø¬Ù…Ù„ Ø§Ù„ØªØ§Ø±ÙŠØ® ÙˆØ§Ù„ÙÙ†"
693,"2026-01-28 18:07:54","NASEERâœ¨ï¸â¤ï¸"
696,"2026-01-28 18:08:54","I hope everyone gets out of anything they are going through. You are strongâ¤ï¸"
697,"2026-01-28 18:09:19","ZAIN âœ¨ï¸â¤ï¸"
700,"2026-01-28 18:18:44","Ø±Ø¨ Ø§Ù†ÙŠ Ù„Ù…Ø§ Ø§Ù†Ø²Ù„Øª Ø¥Ù„ÙŠ Ù…Ù† Ø®ÙŠØ± ÙÙ‚ÙŠØ± âœ¨"
703,"2026-01-28 18:22:32","Last but not least, I wanna thank me
I wanna thank me for believing in me
I wanna thank me for doing all this hard work
ğŸ‘·ğŸ»â€â™€ï¸ğŸª½ğŸ’«ğŸ’«ğŸ’«"
704,"2026-01-28 18:26:42","You asked, I explained.
Now youâ€™re my favorite coincidence.
â¤ï¸Ø§Ø­Ø¨Ùƒ"
